{"loss":{"0":1.2752020359,"1":0.7116353512,"2":0.5643787384,"3":0.4953007996,"4":0.4263445139,"5":0.3798018098,"6":0.3394651711,"7":0.3208359182,"8":0.295383215,"9":0.2660757601},"accuracy":{"0":0.6415841579,"1":0.7924752235,"2":0.8284653425,"3":0.8493564129,"4":0.8695049286,"5":0.8856435418,"6":0.8949505091,"7":0.8996534944,"8":0.908960402,"9":0.9169306755},"val_loss":{"0":0.5814675093,"1":0.4874774814,"2":0.5519461036,"3":0.5267364383,"4":0.4482861757,"5":0.4930235147,"6":0.4742922783,"7":0.5676329732,"8":0.4770226479,"9":0.4325415194},"val_accuracy":{"0":0.8277481198,"1":0.8572038412,"2":0.8358591199,"3":0.8490928411,"4":0.8644610643,"5":0.865101397,"6":0.870010674,"7":0.8529348969,"8":0.8678761721,"9":0.8843116164}}