{"loss":{"0":1.4111133814,"1":0.7664515376,"2":0.6245407462,"3":0.5353956223,"4":0.4671981335,"5":0.4135986865,"6":0.3050425351,"7":0.2607580721,"8":0.2409946024,"9":0.1793775707},"accuracy":{"0":0.5962499976,"1":0.7787500024,"2":0.8177499771,"3":0.8406999707,"4":0.8603500128,"5":0.8761000037,"6":0.9083999991,"7":0.921299994,"8":0.9240999818,"9":0.9447000027},"val_loss":{"0":0.5566236377,"1":0.4763891995,"2":0.4724521935,"3":0.4315570295,"4":0.4769094586,"5":0.4655920863,"6":0.3963033259,"7":0.403457433,"8":0.4216492176,"9":0.3980184793},"val_accuracy":{"0":0.8327999711,"1":0.8608000278,"2":0.8727999926,"3":0.8799999952,"4":0.8744000196,"5":0.8712000251,"6":0.9031999707,"7":0.8999999762,"8":0.9011999965,"9":0.9056000113},"lr":{"0":0.0001,"1":0.0001,"2":0.0001,"3":0.0001,"4":0.0001,"5":0.0001,"6":0.00005,"7":0.00005,"8":0.00005,"9":0.000025}}