{"loss":{"0":1.2809326649,"1":0.7688832283,"2":0.6451684833,"3":0.5699862242,"4":0.517406702,"5":0.4610590339,"6":0.4228096604,"7":0.3955214918,"8":0.3614114523,"9":0.354024291},"accuracy":{"0":0.6319000125,"1":0.7737500072,"2":0.8097000122,"3":0.8291000128,"4":0.8457999825,"5":0.861800015,"6":0.8723000288,"7":0.8779500127,"8":0.8917000294,"9":0.8892999887},"val_loss":{"0":0.6055933833,"1":0.5577697158,"2":0.6444817185,"3":0.5851625204,"4":0.5296359658,"5":0.5330142379,"6":0.5842118859,"7":0.5375680923,"8":0.7324564457,"9":0.5269049406},"val_accuracy":{"0":0.8280000091,"1":0.8360000253,"2":0.825600028,"3":0.8420000076,"4":0.8532000184,"5":0.8551999927,"6":0.8496000171,"7":0.8596000075,"8":0.8271999955,"9":0.8644000292},"lr":{"0":0.0001,"1":0.0001,"2":0.0001,"3":0.0001,"4":0.0001,"5":0.0001,"6":0.0001,"7":0.0001,"8":0.0001,"9":0.0001}}