{"loss":{"0":1.206862092,"1":0.7184103727,"2":0.5944840312,"3":0.5289424658,"4":0.4726594388,"5":0.4373213053,"6":0.3937466145,"7":0.3657921851,"8":0.3407331705,"9":0.3175313771},"accuracy":{"0":0.6467821598,"1":0.783415854,"2":0.8189108968,"3":0.8340594172,"4":0.8525742292,"5":0.8615346551,"6":0.8797524571,"7":0.8856930733,"8":0.8928712606,"9":0.8995049596},"val_loss":{"0":0.8344704509,"1":0.5863589048,"2":0.6900961995,"3":0.5538276434,"4":0.5937539339,"5":0.5364647508,"6":0.5910779834,"7":0.540235579,"8":0.5837914348,"9":0.5145043135},"val_accuracy":{"0":0.7558164597,"1":0.8311632872,"2":0.8025613427,"3":0.8409818411,"4":0.8369263411,"5":0.8475987315,"6":0.830096066,"7":0.8580576181,"8":0.8505869508,"9":0.8657417297}}