{"loss":{"0":0.5855376124,"1":0.3444718719,"2":0.3192461133,"3":0.3073753715,"4":0.2897512317,"5":0.2820206285,"6":0.2709282637,"7":0.2635272145,"8":0.2622990906,"9":0.2531867325},"accuracy":{"0":0.8478217721,"1":0.8964851499,"2":0.9028713107,"3":0.9069802165,"4":0.9114356637,"5":0.9116831422,"6":0.9157921076,"7":0.9175742865,"8":0.9188118577,"9":0.9201980233},"val_loss":{"0":0.568502605,"1":0.5250537395,"2":0.5411936641,"3":0.5506951213,"4":0.5338821411,"5":0.5437625647,"6":0.5485851169,"7":0.5380710363,"8":0.5348554254,"9":0.526837945},"val_accuracy":{"0":0.8397011757,"1":0.8495197296,"2":0.8529348969,"3":0.8486659527,"4":0.8508004546,"5":0.8503735065,"6":0.8454642296,"7":0.8499466181,"8":0.8531483412,"9":0.8542155623}}