{"loss":{"0":0.3112207055,"1":0.2789846957,"2":0.2463154346,"3":0.2412561476,"4":0.1879403591,"5":0.1677105427,"6":0.1564047188,"7":0.1395972371,"8":0.1283677518,"9":0.1136695892},"accuracy":{"0":0.9040499926,"1":0.9138500094,"2":0.9232000113,"3":0.9234499931,"4":0.9400500059,"5":0.947149992,"6":0.9510499835,"7":0.9571999907,"8":0.9601500034,"9":0.9639999866},"val_loss":{"0":0.5833538771,"1":0.5912013054,"2":0.6240813136,"3":0.5934856534,"4":0.600477457,"5":0.6094523072,"6":0.6171415448,"7":0.6290744543,"8":0.6340419054,"9":0.61223948},"val_accuracy":{"0":0.8596000075,"1":0.8683999777,"2":0.8628000021,"3":0.8640000224,"4":0.8708000183,"5":0.8712000251,"6":0.8776000142,"7":0.8751999736,"8":0.8744000196,"9":0.8795999885},"lr":{"0":0.00005,"1":0.00005,"2":0.00005,"3":0.00005,"4":0.000025,"5":0.000025,"6":0.000025,"7":0.000025,"8":0.000025,"9":0.0000125}}